Algorithm,Trust. (k=5),Trust. (k=15),Trust. (k=30),Continuity,Neighbor Recall,Spearman,Global Struct.,Density Pres.,Reconstr. R²,Silhouette,Adj. Rand Idx,Norm. MI,Transductive Acc.,Time (s)
UMAP,0.9775009036144579,0.9758831900185466,0.9727540547454592,0.9760367054459619,0.4242,0.6190737009872733,0.9146475853960381,0.062376540042793326,0.36649193237239697,0.5602397127487784,0.43218981535569617,0.5969522074800476,0.688,2.992759714994463
PCA,0.9130119979919679,0.9158807283763277,0.9176645177794832,0.9667839656044512,0.1813,0.8775432796656388,0.9700862350052786,0.3950681170792725,0.47219741549505767,0.4143006204392975,0.2871570089321754,0.4338787449832439,0.4835,0.4308357940026326
t-SNE,0.9878005020080322,0.9797814871016692,0.9745693954122964,0.9750485584218513,0.4852,0.7348873124005555,0.9319633201848228,0.5081127271774892,0.38273906619966047,0.47029888915980494,0.45574189355139444,0.5918436993912964,0.7719999999999999,37.404024246992776
MDS,0.9229448795180722,0.9252831394368572,0.9276841647480174,0.9682263530601922,0.20326666666666668,0.9223719519722074,0.965796807925117,0.5794620766942646,0.45483581126597794,0.3828952873162416,0.28542398911820216,0.43888913803408874,0.5375,13.203694314011955
Isomap,0.9234067269076305,0.9241778789411567,0.9243389528438646,0.970684420839656,0.20616666666666666,0.7889318442451297,0.9226470225023282,0.3871911401115473,0.41853733102230184,0.4185752456327702,0.31084936915115785,0.4578827647819997,0.5469999999999999,60.02852608099056
LLE,0.9168749497991968,0.908919355926488,0.903137801654302,0.9595970831225763,0.22416666666666665,0.5050416867409196,0.7451342216553307,0.0007891675766447268,0.32033786449230284,0.4658875393600075,0.30689911088652694,0.4951160973832288,0.61,21.801832575001754
PHATE,0.908924748995984,0.9056061035238577,0.9006148887183423,0.9224154274152757,0.14466666666666667,0.6958343394985317,0.7755956748890797,0.34449941128722267,0.46930657404090326,0.41767662615425694,0.17561008706840509,0.2617466205380262,0.492,13.710037627010024
TriMap,0.5035373493975903,0.5020958185803406,0.5032768056621472,0.4755712527398416,0.0082,-0.029992010767471013,0.1921596270086425,0.0,0.0005518677093299118,0.3175401398401479,-0.0003637006957343951,0.007657350784387469,0.118,3.6046246949990746
PaCMAP,0.9690956827309237,0.9683641207216321,0.9660812142918053,0.9584374810318664,0.3925,0.5277711748633203,0.7261422137007898,0.1970065860399524,0.2283246040243503,0.5481003573037205,0.42150550422988203,0.579348342047899,0.6755,3.140740820992505
NeighborMap,0.9761721887550201,0.9752776091721463,0.9731085870214036,0.978919591974372,0.42693333333333333,0.6948962770997864,0.9349737955273585,0.2507464120931003,0.3847734142266769,0.4828639177595892,0.4127026725746764,0.5760331769251371,0.698,1.0560781770036556
SpectralMap,0.9155736445783133,0.9124181588265048,0.9101241238168329,0.9325302309897151,0.17503333333333335,0.47280231085313,0.7547463326429654,0.022928766346199364,0.2588705484537841,0.5107487958749857,0.3172410356317313,0.5419707024424197,0.615,0.40995935500541236
